                  epoch,         train/box_loss,        train/pose_loss,        train/kobj_loss,         train/cls_loss,         train/dfl_loss,   metrics/precision(B),      metrics/recall(B),       metrics/mAP50(B),    metrics/mAP50-95(B),   metrics/precision(P),      metrics/recall(P),       metrics/mAP50(P),    metrics/mAP50-95(P),           val/box_loss,          val/pose_loss,          val/kobj_loss,           val/cls_loss,           val/dfl_loss,                 lr/pg0,                 lr/pg1,                 lr/pg2
                      1,                0.06305,                  19.05,                 11.279,                0.46509,                 1.0207,                 0.9921,                 0.9887,                0.99441,                0.93056,                      0,                      0,                      0,                      0,                0.11939,                 17.585,                 8.3504,                0.58829,                0.90193,              0.0033147,              0.0033147,              0.0033147
                      2,                0.03234,                 17.573,                 8.0808,                0.20056,                0.91318,                0.94213,                0.95118,                0.98553,                0.95351,                      0,                      0,                      0,                      0,                0.11479,                  17.07,                 10.637,                0.68506,                0.84773,              0.0066042,              0.0066042,              0.0066042
                      3,                0.04998,                 16.317,                 8.2416,                0.27916,                0.93664,                0.58406,                 0.7748,                0.65111,                0.48069,                      0,                      0,                      0,                      0,                0.24936,                 18.157,                 17.787,                 2.4158,                 1.5862,              0.0098496,              0.0098496,              0.0098496
                      4,                0.06841,                 15.728,                 8.4276,                0.34984,                0.96117,                0.70405,                0.82422,                 0.8328,                 0.6334,                0.00858,                0.00945,                0.00038,                  5e-05,                0.19022,                 16.782,                 19.579,                 1.7098,                 1.1762,               0.009802,               0.009802,               0.009802
                      5,                0.05757,                 14.672,                 8.0691,                0.30001,                0.92936,                0.92453,                0.96465,                0.96403,                0.85878,                0.07162,                0.07717,                0.00878,                0.00127,                0.12756,                 13.498,                 8.3834,                0.71133,                0.94543,               0.009802,               0.009802,               0.009802
                      6,                0.05018,                 13.857,                 7.7597,                0.26224,                0.91532,                 0.9928,                 0.9874,                0.99459,                0.97509,                0.13819,                0.13543,                0.02616,                0.00435,                0.08749,                 12.105,                  8.488,                0.48256,                0.80554,               0.009736,               0.009736,               0.009736
                      7,                0.04748,                  13.33,                 7.4899,                0.24614,                0.90646,                0.99194,                0.99685,                0.99337,                0.97779,                0.22097,                0.22205,                0.08205,                0.01555,                0.08103,                 10.641,                 6.5006,                0.33963,                0.73864,                0.00967,                0.00967,                0.00967
                      8,                0.04548,                  12.87,                 7.2424,                0.23463,                0.90743,                0.98402,                0.99685,                0.99353,                0.96658,                0.30272,                0.30014,                 0.1396,                0.03124,                0.08283,                 9.9658,                 6.6814,                0.36277,                0.75124,               0.009604,               0.009604,               0.009604
                      9,                0.04266,                  12.65,                 7.1486,                 0.2253,                 0.8972,                0.99373,                0.99779,                0.99482,                0.98282,                0.32774,                0.32598,                0.12804,                0.02632,                0.07098,                 9.9211,                 6.6428,                0.38113,                0.69193,               0.009538,               0.009538,               0.009538
                     10,                0.04007,                 12.232,                 7.0454,                0.21367,                0.88879,                0.98602,                0.99989,                0.99375,                0.97858,                0.33702,                0.33543,                0.13638,                0.02847,                0.07055,                 9.4301,                  6.494,                0.30628,                0.69583,               0.009472,               0.009472,               0.009472
                     11,                0.03931,                 12.098,                 6.8957,                0.20942,                0.89075,                0.99373,                0.99873,                0.99497,                0.98477,                0.34885,                0.34173,                0.15859,                 0.0316,                0.06846,                 9.4573,                 5.7379,                0.30157,                0.69649,               0.009406,               0.009406,               0.009406
                     12,                 0.0381,                 11.863,                 6.8113,                0.19749,                0.88951,                0.99949,                      1,                  0.995,                0.99207,                0.39779,                0.39685,                0.18269,                0.03836,                0.05936,                 9.1419,                 6.2126,                0.26383,                0.64297,                0.00934,                0.00934,                0.00934
                     13,                0.03756,                 11.699,                 6.7294,                0.19558,                0.88433,                0.99506,                      1,                  0.995,                 0.9891,                0.41825,                0.41417,                0.23489,                 0.0574,                0.05704,                 9.0015,                 6.1278,                0.25716,                0.64199,               0.009274,               0.009274,               0.009274
                     14,                0.03576,                 11.596,                 6.6583,                0.18777,                0.88343,                0.99744,                0.99843,                0.99497,                0.98818,                0.44854,                0.44882,                0.27275,                0.06175,                0.05747,                  8.719,                 6.1537,                0.26854,                0.63895,               0.009208,               0.009208,               0.009208
                     15,                0.03467,                 11.349,                 6.5369,                0.18542,                0.87893,                0.99414,                0.99843,                0.99494,                0.98718,                0.44492,                0.44252,                0.25704,                0.06263,                0.06978,                 8.8132,                 6.2347,                0.29841,                0.69043,               0.009142,               0.009142,               0.009142
                     16,                0.03506,                 11.243,                 6.4568,                0.18576,                0.88267,                0.99561,                0.98583,                0.99471,                0.99139,                 0.3065,                0.29606,                0.10884,                0.02393,                0.05813,                 10.894,                 9.8443,                0.37696,                0.62873,               0.009076,               0.009076,               0.009076
                     17,                0.03468,                 11.081,                 6.4013,                 0.1805,                0.88248,                0.99685,                 0.9982,                0.99494,                0.99099,                0.46812,                0.46772,                0.25749,                0.06462,                0.05699,                 8.3683,                 5.8351,                0.29077,                0.63903,                0.00901,                0.00901,                0.00901
                     18,                0.03355,                 10.983,                 6.3806,                0.17898,                0.88204,                0.99596,                0.99843,                0.99495,                0.98978,                0.49205,                0.48819,                 0.3196,                0.09224,                0.05765,                 8.3663,                 6.0548,                0.25984,                0.64307,               0.008944,               0.008944,               0.008944
                     19,                0.03373,                 10.871,                 6.1968,                0.17861,                0.88317,                0.99503,                      1,                  0.995,                 0.9924,                0.53074,                0.52913,                 0.3368,                0.09316,                0.05242,                 7.9832,                 5.7326,                0.23953,                0.61398,               0.008878,               0.008878,               0.008878
                     20,                0.03256,                 10.834,                 6.3037,                0.17411,                 0.8777,                0.99507,                      1,                0.99498,                 0.9904,                0.51983,                0.52126,                0.32272,                0.08804,                 0.0536,                 8.0859,                 5.7341,                 0.2461,                0.62494,               0.008812,               0.008812,               0.008812
                     21,                0.03226,                 10.635,                 6.1645,                0.17072,                0.87652,                0.99649,                      1,                  0.995,                0.99211,                0.51859,                0.51811,                0.38855,                0.11239,                 0.0557,                 8.0971,                 5.6053,                0.24372,                0.62665,               0.008746,               0.008746,               0.008746
                     22,                0.03179,                 10.639,                 6.1705,                0.17163,                0.87746,                      1,                0.99993,                  0.995,                0.99207,                0.55033,                0.54803,                0.35811,                0.10012,                0.05434,                 7.6767,                 5.8951,                 0.2601,                0.62607,                0.00868,                0.00868,                0.00868
                     23,                0.03185,                   10.5,                 6.1578,                0.16933,                0.88034,                0.99961,                      1,                  0.995,                0.99175,                0.55381,                0.54961,                0.36273,                 0.1063,                0.05538,                 7.5412,                 5.6498,                0.24372,                0.62299,               0.008614,               0.008614,               0.008614
                     24,                0.03049,                 10.474,                 6.0638,                0.16355,                0.87661,                0.99969,                0.99685,                  0.995,                0.98963,                0.51296,                0.51086,                0.28999,                0.08565,                0.06028,                 7.7386,                 5.8847,                 0.3489,                0.65325,               0.008548,               0.008548,               0.008548
                     25,                0.03056,                 10.426,                 6.2008,                0.16494,                 0.8801,                0.99829,                      1,                  0.995,                0.99304,                0.56881,                0.56693,                 0.4103,                 0.1205,                0.04933,                 7.5601,                 5.6986,                0.21761,                0.60129,               0.008482,               0.008482,               0.008482
                     26,                0.03023,                 10.328,                 6.1126,                 0.1636,                0.87902,                0.99987,                0.99843,                  0.995,                0.98989,                0.54445,                0.54331,                  0.352,                0.11023,                0.05178,                 7.6421,                 5.7959,                0.24944,                0.60342,               0.008416,               0.008416,               0.008416
                     27,                 0.0299,                 10.261,                 5.9916,                 0.1662,                0.87817,                0.99971,                      1,                  0.995,                0.99154,                0.57368,                0.57165,                0.38502,                0.11949,                0.05328,                 7.2711,                 5.7249,                0.24099,                0.62286,                0.00835,                0.00835,                0.00835
                     28,                0.03005,                 10.186,                 5.9834,                0.16163,                0.87711,                0.99971,                      1,                  0.995,                0.99323,                0.56991,                0.57008,                0.44836,                0.15355,                0.04966,                 7.3539,                 5.6006,                0.21671,                0.61184,               0.008284,               0.008284,               0.008284
                     29,                0.02989,                 10.108,                 5.9636,                0.16187,                0.87805,                0.99816,                      1,                0.99432,                0.99013,                0.61632,                0.61732,                0.46527,                0.15377,                0.04875,                 7.2453,                 5.8026,                0.22831,                0.60345,               0.008218,               0.008218,               0.008218
                     30,                 0.0288,                 9.9879,                 5.9421,                0.15702,                0.87525,                0.99981,                      1,                  0.995,                0.99288,                0.60858,                0.60472,                0.45277,                0.15548,                 0.0556,                 7.1337,                 5.3988,                 0.2387,                0.63205,               0.008152,               0.008152,               0.008152
                     31,                0.02892,                 9.9855,                 5.8945,                0.15759,                0.87744,                0.99955,                      1,                  0.995,                0.99478,                0.60777,                0.60787,                0.42345,                0.13846,                0.04686,                 7.1196,                  5.468,                0.22406,                0.59453,               0.008086,               0.008086,               0.008086
                     32,                 0.0282,                 9.9413,                 5.8954,                0.15766,                0.87424,                0.99915,                      1,                  0.995,                0.99436,                0.57271,                0.57323,                0.42331,                0.15088,                0.04803,                 7.1787,                 5.7155,                0.21414,                0.60159,                0.00802,                0.00802,                0.00802
                     33,                0.02848,                 9.8808,                 5.8747,                0.15668,                0.87634,                0.99948,                      1,                  0.995,                0.99257,                0.59649,                0.59843,                0.43824,                0.15152,                0.04797,                 7.0762,                 5.4928,                0.24393,                0.60242,               0.007954,               0.007954,               0.007954
                     34,                 0.0278,                 9.8686,                 5.8401,                0.15247,                0.87434,                0.99835,                      1,                  0.995,                0.99397,                0.61474,                0.61575,                0.44549,                 0.1548,                0.04527,                 6.9591,                 5.4277,                0.22643,                0.59513,               0.007888,               0.007888,               0.007888
                     35,                0.02759,                 9.7912,                 5.7754,                0.15328,                 0.8709,                0.99991,                      1,                  0.995,                0.99446,                0.63464,                0.63465,                0.50874,                0.18221,                0.04891,                 6.7821,                 5.3136,                0.21544,                0.60674,               0.007822,               0.007822,               0.007822
                     36,                0.02791,                 9.7961,                 5.8481,                0.15507,                 0.8741,                0.99992,                      1,                  0.995,                0.99482,                0.61488,                0.61417,                 0.4789,                0.16898,                0.04573,                 6.9024,                 5.3557,                 0.2169,                0.58618,               0.007756,               0.007756,               0.007756
                     37,                0.02709,                 9.6372,                 5.7255,                0.15138,                0.86932,                0.99989,                      1,                  0.995,                0.99479,                0.61654,                0.61575,                0.50364,                 0.1859,                0.04512,                 6.8929,                 5.5282,                0.20683,                0.58083,                0.00769,                0.00769,                0.00769
                     38,                0.02709,                 9.7649,                 5.7013,                0.15042,                0.87096,                0.99995,                      1,                  0.995,                0.99436,                0.63616,                0.63622,                  0.518,                0.19112,                0.04701,                 6.6927,                 5.4266,                0.20971,                0.59527,               0.007624,               0.007624,               0.007624
                     39,                0.02756,                 9.6824,                  5.738,                0.15433,                0.87544,                0.99985,                      1,                  0.995,                0.99406,                0.64085,                0.64094,                  0.533,                0.19254,                0.04678,                 6.8163,                 5.3869,                0.22904,                  0.598,               0.007558,               0.007558,               0.007558
                     40,                0.02762,                  9.726,                 5.7626,                0.15389,                0.87354,                0.99994,                      1,                  0.995,                0.99393,                0.63613,                0.63622,                0.48848,                0.17469,                0.04824,                 6.7597,                 5.4396,                0.20889,                0.60463,               0.007492,               0.007492,               0.007492
                     41,                0.02677,                 9.5889,                 5.7149,                0.15098,                0.87407,                0.99988,                      1,                  0.995,                0.99485,                0.63302,                0.63307,                0.52762,                 0.2042,                 0.0457,                  6.689,                 5.4845,                0.20464,                0.58953,               0.007426,               0.007426,               0.007426
                     42,                0.02652,                  9.529,                 5.6848,                0.14932,                0.87672,                0.99991,                      1,                  0.995,                0.99458,                0.63148,                 0.6315,                0.51633,                0.20391,                0.04466,                  6.607,                 5.3182,                0.21291,                0.58712,                0.00736,                0.00736,                0.00736
                     43,                0.02645,                 9.4071,                 5.5793,                0.14988,                0.87047,                0.99991,                      1,                  0.995,                0.99477,                0.64342,                0.64252,                0.49969,                0.19254,                0.04476,                 6.5577,                 5.3054,                0.19979,                0.58109,               0.007294,               0.007294,               0.007294
                     44,                0.02596,                 9.3712,                 5.6706,                0.14465,                0.87266,                0.99994,                      1,                  0.995,                0.99421,                   0.65,                0.64882,                0.55479,                 0.2111,                0.04585,                  6.602,                 5.3757,                0.20847,                0.59046,               0.007228,               0.007228,               0.007228
                     45,                0.02592,                 9.3768,                 5.6195,                0.14757,                0.87198,                0.99988,                      1,                  0.995,                0.99484,                0.66181,                0.66142,                0.53775,                0.19884,                0.04821,                 6.5651,                 5.1935,                0.20753,                 0.6029,               0.007162,               0.007162,               0.007162
                     46,                0.02581,                 9.4267,                 5.5481,                0.14832,                0.87059,                0.99988,                      1,                  0.995,                0.99408,                0.66455,                0.66457,                0.58474,                0.22186,                0.04568,                 6.5182,                 5.3354,                0.21557,                0.59196,               0.007096,               0.007096,               0.007096
                     47,                0.02562,                 9.3225,                 5.5063,                0.14524,                0.87315,                0.99982,                      1,                  0.995,                0.99474,                0.65957,                0.65827,                 0.5849,                 0.2313,                0.04815,                  6.449,                 5.2884,                0.20716,                  0.594,                0.00703,                0.00703,                0.00703
                     48,                0.02506,                 9.3036,                 5.4826,                0.14424,                0.87175,                 0.9999,                      1,                  0.995,                0.99416,                0.66927,                0.66929,                0.57522,                0.22193,                0.04739,                 6.4698,                 5.2207,                0.20772,                0.59861,               0.006964,               0.006964,               0.006964
                     49,                0.02493,                 9.2469,                 5.5169,                0.14392,                0.87085,                0.99991,                      1,                  0.995,                  0.994,                0.66454,                0.66457,                0.56438,                  0.221,                0.04872,                 6.4014,                 5.3712,                0.21069,                0.60229,               0.006898,               0.006898,               0.006898
                     50,                0.02484,                 9.2458,                 5.5249,                0.14379,                0.86944,                 0.9999,                      1,                  0.995,                 0.9948,                0.66614,                0.66614,                0.55884,                0.22199,                0.04543,                 6.3344,                 5.4277,                0.20035,                0.58854,               0.006832,               0.006832,               0.006832
                     51,                0.02458,                 9.2121,                 5.3734,                0.14418,                0.87355,                0.99991,                      1,                  0.995,                  0.995,                0.67085,                0.67087,                0.57259,                0.23429,                0.04508,                 6.3213,                 5.2891,                0.19674,                0.58558,               0.006766,               0.006766,               0.006766
                     52,                0.02384,                 9.1778,                 5.3384,                0.13959,                0.86985,                0.99991,                      1,                  0.995,                0.99464,                0.68394,                0.68496,                0.59144,                0.23723,                0.04543,                 6.2973,                 5.3184,                0.19728,                 0.5842,                 0.0067,                 0.0067,                 0.0067
                     53,                0.02427,                  9.096,                 5.4204,                0.14011,                0.87137,                0.99992,                      1,                  0.995,                0.99485,                 0.6834,                0.68346,                0.58632,                0.23835,                0.04618,                 6.2466,                 5.3027,                0.20969,                 0.5953,               0.006634,               0.006634,               0.006634
                     54,                0.02434,                 9.0342,                 5.4151,                0.13871,                0.87143,                 0.9999,                      1,                  0.995,                0.99457,                 0.6708,                0.67087,                 0.5702,                0.22699,                0.04707,                 6.2931,                 5.1064,                0.21482,                0.59619,               0.006568,               0.006568,               0.006568
                     55,                 0.0234,                 9.0375,                 5.3692,                 0.1357,                0.87084,                0.99834,                      1,                  0.995,                0.99461,                0.67761,                0.67874,                0.59464,                 0.2445,                0.04454,                 6.3221,                   5.07,                0.20406,                0.58346,               0.006502,               0.006502,               0.006502
                     56,                0.02376,                 9.0695,                 5.2982,                0.13659,                 0.8699,                0.99984,                      1,                  0.995,                0.99473,                0.67399,                0.67402,                0.59179,                0.24189,                0.04515,                 6.2456,                  5.085,                0.20443,                0.59108,               0.006436,               0.006436,               0.006436
                     57,                 0.0235,                 8.9415,                 5.2999,                0.13913,                0.87073,                0.99975,                      1,                  0.995,                0.99472,                0.66755,                0.66772,                0.57514,                0.23967,                0.04273,                 6.2055,                 5.0752,                0.20939,                0.58141,                0.00637,                0.00637,                0.00637
                     58,                0.02384,                 8.9123,                 5.2286,                0.13929,                 0.8744,                0.99977,                      1,                  0.995,                0.99488,                0.67701,                0.67717,                0.59101,                 0.2453,                 0.0442,                 6.1748,                 5.0161,                0.20917,                0.58918,               0.006304,               0.006304,               0.006304
                     59,                0.02329,                 8.9287,                 5.2819,                0.13705,                0.87292,                0.99979,                      1,                  0.995,                 0.9949,                0.69122,                0.69134,                0.59904,                0.24421,                0.04364,                  6.133,                  5.043,                0.20309,                0.58268,               0.006238,               0.006238,               0.006238
                     60,                0.02345,                 8.8877,                 5.2697,                0.13872,                0.86881,                0.99988,                      1,                  0.995,                0.99486,                0.69286,                0.69291,                0.61027,                0.25467,                0.04514,                 6.1046,                 5.0476,                0.20349,                0.59201,               0.006172,               0.006172,               0.006172
                     61,                0.02283,                 8.8141,                 5.3116,                0.13682,                0.86956,                0.99988,                      1,                  0.995,                0.99483,                0.69914,                0.69921,                0.60527,                0.24695,                0.04407,                 6.0931,                 5.0664,                0.20206,                0.58504,               0.006106,               0.006106,               0.006106
                     62,                0.02303,                 8.8179,                 5.2645,                0.13526,                0.86802,                0.99988,                      1,                  0.995,                0.99459,                0.69283,                0.69291,                0.60716,                0.24835,                 0.0425,                 6.0891,                 5.0111,                0.20725,                0.57643,                0.00604,                0.00604,                0.00604
                     63,                0.02282,                 8.8335,                 5.2134,                0.13528,                0.86937,                0.99991,                      1,                  0.995,                0.99491,                0.69128,                0.69134,                0.60476,                0.25917,                 0.0426,                 6.0316,                   5.07,                0.20368,                 0.5748,               0.005974,               0.005974,               0.005974
                     64,                0.02274,                 8.7168,                 5.1376,                0.13633,                0.86969,                0.99991,                      1,                  0.995,                0.99493,                0.69759,                0.69764,                0.62467,                0.25726,                0.04264,                 6.0528,                 5.0967,                0.20517,                0.57653,               0.005908,               0.005908,               0.005908
                     65,                0.02255,                 8.7814,                 5.1105,                0.13404,                0.86937,                 0.9999,                      1,                  0.995,                0.99486,                0.70708,                0.70709,                0.62823,                0.25717,                0.04365,                 6.0366,                 5.0744,                0.20633,                0.58188,               0.005842,               0.005842,               0.005842
                     66,                0.02227,                 8.6793,                 5.1644,                0.13336,                0.86904,                0.99991,                      1,                  0.995,                 0.9949,                 0.6913,                0.69134,                0.60964,                0.25994,                0.04292,                 5.9899,                 5.1105,                0.20162,                0.57636,               0.005776,               0.005776,               0.005776
                     67,                 0.0222,                 8.6928,                 5.0331,                0.13312,                0.86913,                0.99991,                      1,                  0.995,                0.99498,                0.71332,                0.71339,                 0.6278,                0.26359,                0.04151,                 5.9455,                 5.1296,                0.19703,                0.56888,                0.00571,                0.00571,                0.00571
                     68,                0.02227,                 8.6997,                 5.1643,                0.13286,                0.86608,                0.99991,                      1,                  0.995,                  0.995,                0.70073,                0.70079,                0.61476,                0.26508,                 0.0413,                 5.9375,                  5.148,                0.19727,                 0.5682,               0.005644,               0.005644,               0.005644
                     69,                0.02197,                 8.5908,                 5.0888,                 0.1317,                0.87165,                0.99992,                      1,                  0.995,                0.99484,                0.70388,                0.70394,                0.62323,                0.26614,                0.04156,                 5.9498,                 5.1513,                0.19467,                0.56932,               0.005578,               0.005578,               0.005578
                     70,                 0.0216,                 8.5748,                 5.0757,                0.13108,                 0.8694,                0.99991,                      1,                  0.995,                  0.995,                0.70545,                0.70551,                0.62393,                0.26549,                 0.0417,                 5.9544,                 5.1966,                0.19767,                0.57026,               0.005512,               0.005512,               0.005512
                     71,                0.02175,                 8.5516,                 5.1169,                0.13225,                0.86865,                0.99991,                      1,                  0.995,                  0.995,                0.70703,                0.70709,                0.63266,                0.26691,                0.04216,                 5.9419,                 5.1543,                0.19945,                0.57193,               0.005446,               0.005446,               0.005446
                     72,                0.02186,                 8.5902,                  5.027,                0.13109,                0.86954,                0.99991,                      1,                  0.995,                  0.995,                0.71332,                0.71339,                0.63699,                0.26892,                0.04197,                 5.9383,                 5.1463,                0.19907,                0.57083,                0.00538,                0.00538,                0.00538
                     73,                0.02127,                 8.5591,                 5.0225,                0.12804,                0.87091,                0.99991,                      1,                  0.995,                0.99499,                0.70545,                0.70551,                0.63386,                0.27089,                0.04164,                 5.9206,                 5.1368,                0.19583,                 0.5687,               0.005314,               0.005314,               0.005314
                     74,                0.02118,                 8.4607,                 4.9251,                0.12729,                0.86782,                0.99991,                      1,                  0.995,                0.99499,                0.71017,                0.71024,                0.63808,                0.26702,                0.04151,                 5.9283,                 5.1149,                0.19776,                0.56863,               0.005248,               0.005248,               0.005248
                     75,                0.02108,                 8.4421,                   4.89,                0.12883,                0.86959,                0.99991,                      1,                  0.995,                0.99499,                0.71491,                0.71496,                0.64115,                0.27054,                0.04123,                  5.929,                 5.1108,                0.20035,                0.56711,               0.005182,               0.005182,               0.005182
                     76,                0.02106,                  8.456,                 4.8652,                0.12999,                0.86958,                0.99992,                      1,                  0.995,                0.99499,                0.70862,                0.70866,                0.63061,                0.26583,                0.04129,                 5.9075,                 5.1034,                0.19788,                0.56766,               0.005116,               0.005116,               0.005116
                     77,                0.02116,                 8.4243,                 4.9169,                0.12977,                0.86858,                0.99992,                      1,                  0.995,                0.99499,                0.71806,                0.71811,                0.63326,                0.26632,                 0.0413,                 5.9017,                 5.1027,                0.19807,                0.56826,                0.00505,                0.00505,                0.00505
                     78,                0.02094,                 8.3036,                  4.839,                0.12687,                0.86573,                0.99992,                      1,                  0.995,                0.99499,                0.71806,                0.71811,                 0.6351,                0.26601,                0.04125,                 5.9031,                 5.1203,                0.20031,                0.56803,               0.004984,               0.004984,               0.004984
                     79,                0.02068,                 8.3109,                 4.8439,                0.12834,                0.86909,                0.99992,                      1,                  0.995,                0.99499,                0.71491,                0.71496,                0.63477,                0.26974,                 0.0411,                 5.8945,                 5.1124,                0.19793,                 0.5675,               0.004918,               0.004918,               0.004918
                     80,                0.02032,                  8.347,                  4.866,                0.12385,                0.86854,                0.99992,                      1,                  0.995,                0.99498,                0.71334,                0.71339,                0.63625,                0.27198,                0.04083,                 5.9024,                 5.1163,                0.19509,                0.56619,               0.004852,               0.004852,               0.004852
                     81,                0.02056,                 8.3036,                 4.7935,                0.12677,                0.86847,                0.99992,                      1,                  0.995,                0.99499,                0.70545,                0.70551,                0.63796,                 0.2764,                0.04077,                 5.8881,                 5.1339,                0.19165,                0.56594,               0.004786,               0.004786,               0.004786
                     82,                0.02037,                 8.2207,                 4.7234,                0.12411,                0.86866,                0.99991,                      1,                  0.995,                0.99499,                0.71175,                0.71181,                0.64693,                0.27681,                0.04029,                 5.8778,                 5.1414,                0.18856,                0.56349,                0.00472,                0.00472,                0.00472
                     83,                 0.0201,                 8.2715,                 4.8401,                0.12186,                0.86922,                0.99992,                      1,                  0.995,                0.99499,                 0.7149,                0.71496,                0.65282,                0.28015,                0.04024,                 5.8644,                 5.1284,                0.18786,                0.56338,               0.004654,               0.004654,               0.004654
                     84,                0.02009,                 8.2497,                 4.8082,                0.12571,                0.86948,                0.99992,                      1,                  0.995,                0.99499,                0.71805,                0.71811,                 0.6496,                0.27915,                 0.0401,                 5.8361,                 5.1265,                0.18928,                0.56255,               0.004588,               0.004588,               0.004588
                     85,                0.02057,                 8.1635,                 4.7553,                0.12496,                0.87218,                0.99992,                      1,                  0.995,                0.99499,                0.71648,                0.71654,                0.65019,                0.28093,                0.04012,                 5.8145,                 5.1416,                0.18918,                0.56299,               0.004522,               0.004522,               0.004522
                     86,                0.01995,                  8.085,                 4.7538,                0.12224,                0.86667,                0.99992,                      1,                  0.995,                0.99498,                 0.7212,                0.72126,                0.65535,                0.28054,                0.04008,                 5.7911,                  5.158,                0.19107,                  0.563,               0.004456,               0.004456,               0.004456
                     87,                0.01991,                 8.1246,                 4.7642,                0.12398,                0.86803,                0.99992,                      1,                  0.995,                0.99498,                 0.7212,                0.72126,                0.65443,                0.28402,                0.03988,                 5.7824,                 5.1788,                0.19124,                0.56239,                0.00439,                0.00439,                0.00439
                     88,                0.01993,                 8.0585,                 4.6526,                0.12401,                0.86576,                0.99992,                      1,                  0.995,                0.99498,                0.71963,                0.71969,                0.65387,                0.28574,                0.03989,                  5.778,                 5.1924,                0.19108,                0.56256,               0.004324,               0.004324,               0.004324
                     89,                0.01975,                 8.1062,                 4.6536,                 0.1227,                0.86956,                0.99992,                      1,                  0.995,                0.99499,                0.72435,                0.72441,                0.65413,                0.28363,                0.03993,                 5.7732,                 5.1951,                0.19075,                0.56268,               0.004258,               0.004258,               0.004258
                     90,                0.01967,                 7.9792,                 4.6287,                0.12156,                0.86478,                0.99992,                      1,                  0.995,                0.99499,                0.72593,                0.72598,                0.65698,                0.28427,                0.04002,                  5.771,                 5.1998,                0.19123,                0.56311,               0.004192,               0.004192,               0.004192
                     91,                 0.0194,                 7.9915,                 4.5498,                0.12145,                0.86896,                0.99992,                      1,                  0.995,                0.99499,                0.73065,                0.73071,                0.66081,                0.28513,                0.04004,                 5.7726,                  5.212,                0.19179,                0.56334,               0.004126,               0.004126,               0.004126
                     92,                0.01934,                 8.0883,                 4.6463,                0.12117,                0.86844,                0.99992,                      1,                  0.995,                0.99499,                0.73222,                0.73228,                0.66254,                 0.2836,                   0.04,                 5.7711,                 5.2297,                0.19203,                 0.5635,                0.00406,                0.00406,                0.00406
                     93,                 0.0192,                 8.0147,                 4.5295,                0.12076,                0.86574,                0.99992,                      1,                  0.995,                0.99499,                0.73222,                0.73228,                0.66756,                0.28649,                0.03983,                 5.7667,                 5.2472,                0.19351,                 0.5629,               0.003994,               0.003994,               0.003994
                     94,                0.01897,                 7.9698,                 4.5535,                0.11842,                0.86551,                0.99992,                      1,                  0.995,                0.99498,                0.73695,                0.73701,                0.67436,                0.28739,                0.03972,                 5.7628,                 5.2593,                0.19306,                0.56246,               0.003928,               0.003928,               0.003928
                     95,                0.01902,                 7.9194,                 4.4854,                0.11736,                0.86571,                0.99992,                      1,                  0.995,                0.99499,                0.73066,                0.73071,                0.66843,                0.28706,                0.03974,                 5.7586,                 5.2692,                0.19268,                0.56252,               0.003862,               0.003862,               0.003862
                     96,                0.01872,                 7.9072,                 4.5262,                0.11837,                 0.8679,                0.99992,                      1,                  0.995,                0.99499,                0.73538,                0.73543,                 0.6715,                0.28817,                0.03971,                 5.7559,                 5.2796,                 0.1935,                0.56232,               0.003796,               0.003796,               0.003796
                     97,                0.01864,                 8.0116,                 4.5753,                0.11896,                0.86409,                0.99992,                      1,                  0.995,                0.99499,                0.73853,                0.73858,                0.67541,                0.28954,                0.03968,                 5.7468,                 5.2869,                0.19439,                0.56208,                0.00373,                0.00373,                0.00373
                     98,                0.01863,                 7.7516,                 4.3318,                0.11598,                0.86606,                0.99992,                      1,                  0.995,                0.99499,                0.74011,                0.74016,                0.67759,                0.29036,                0.03965,                 5.7439,                 5.2917,                0.19476,                0.56189,               0.003664,               0.003664,               0.003664
                     99,                0.01852,                 7.8353,                 4.4399,                0.11608,                0.86565,                0.99992,                      1,                  0.995,                0.99499,                0.74168,                0.74173,                0.68115,                0.29243,                 0.0396,                 5.7409,                 5.3025,                0.19449,                0.56181,               0.003598,               0.003598,               0.003598
                    100,                0.01832,                 7.8777,                 4.4317,                0.11652,                0.86457,                0.99992,                      1,                  0.995,                0.99499,                0.74326,                0.74331,                0.68268,                0.29234,                0.03957,                 5.7331,                 5.3113,                 0.1951,                0.56166,               0.003532,               0.003532,               0.003532
                    101,                0.01616,                 6.1049,                 4.5321,                0.09681,                0.85565,                0.99992,                      1,                  0.995,                  0.995,                0.74168,                0.74173,                0.67891,                0.29058,                0.03944,                 5.7256,                 5.3147,                0.19592,                0.56098,               0.003466,               0.003466,               0.003466
                    102,                0.01535,                 6.0615,                 4.5719,                0.07581,                0.84924,                0.99992,                      1,                  0.995,                  0.995,                0.74011,                0.74016,                0.67585,                0.29044,                0.03924,                 5.7177,                 5.3187,                0.19665,                   0.56,                 0.0034,                 0.0034,                 0.0034
                    103,                0.01537,                 6.0534,                 4.5612,                0.07572,                 0.8485,                0.99992,                      1,                  0.995,                  0.995,                0.74326,                0.74331,                0.67603,                0.29122,                0.03891,                 5.7057,                 5.3206,                0.19693,                0.55856,               0.003334,               0.003334,               0.003334
                    104,                  0.015,                 6.0363,                 4.5355,                0.07351,                0.85243,                0.99992,                      1,                  0.995,                  0.995,                0.74168,                0.74173,                0.67227,                0.28949,                0.03868,                 5.6997,                 5.3286,                0.19657,                0.55746,               0.003268,               0.003268,               0.003268
                    105,                0.01456,                 5.9835,                 4.3548,                0.07167,                0.85098,                0.99992,                      1,                  0.995,                  0.995,                0.74011,                0.74016,                0.66983,                0.28903,                0.03843,                 5.6929,                 5.3363,                 0.1963,                0.55633,               0.003202,               0.003202,               0.003202
                    106,                 0.0146,                 5.9273,                 4.2988,                 0.0722,                0.85063,                0.99992,                      1,                  0.995,                  0.995,                0.73696,                0.73701,                0.65848,                 0.2858,                0.03813,                 5.6861,                 5.3423,                0.19538,                0.55499,               0.003136,               0.003136,               0.003136
                    107,                0.01445,                 5.9137,                 4.1043,                 0.0707,                0.85015,                0.99992,                      1,                  0.995,                  0.995,                0.74168,                0.74173,                0.66497,                0.28797,                0.03783,                 5.6757,                 5.3465,                0.19396,                0.55366,                0.00307,                0.00307,                0.00307
                    108,                0.01451,                 5.8683,                 4.1034,                0.07139,                0.85018,                0.99992,                      1,                  0.995,                  0.995,                0.74011,                0.74016,                0.66086,                0.28578,                0.03756,                 5.6693,                 5.3559,                0.19353,                0.55245,               0.003004,               0.003004,               0.003004
                    109,                0.01434,                 5.7904,                 4.0292,                0.06981,                0.84738,                0.99992,                      1,                  0.995,                  0.995,                0.73854,                0.73858,                0.66092,                0.28684,                0.03737,                 5.6639,                 5.3539,                0.19227,                0.55145,               0.002938,               0.002938,               0.002938
                    110,                0.01404,                 5.8599,                  4.003,                0.07012,                0.84793,                0.99992,                      1,                  0.995,                  0.995,                0.73381,                0.73386,                0.65344,                 0.2845,                0.03714,                 5.6588,                 5.3566,                0.19176,                0.55029,               0.002872,               0.002872,               0.002872
                    111,                0.01398,                 5.8283,                 4.0339,                0.06894,                0.84989,                0.99992,                      1,                  0.995,                  0.995,                0.73224,                0.73228,                0.65493,                0.28431,                0.03695,                 5.6561,                  5.368,                0.19112,                0.54958,               0.002806,               0.002806,               0.002806
                    112,                0.01386,                 5.7344,                 3.9763,                0.06837,                0.84895,                0.99992,                      1,                  0.995,                  0.995,                0.73539,                0.73543,                0.65385,                0.28506,                0.03677,                 5.6528,                 5.3739,                0.19054,                0.54868,                0.00274,                0.00274,                0.00274
                    113,                0.01355,                 5.6914,                 3.8779,                0.06673,                0.84622,                0.99992,                      1,                  0.995,                  0.995,                0.73539,                0.73543,                 0.6561,                0.28563,                0.03656,                 5.6491,                 5.3846,                0.19054,                0.54763,               0.002674,               0.002674,               0.002674
                    114,                0.01339,                 5.7057,                 3.8592,                0.06639,                0.85103,                0.99992,                      1,                  0.995,                  0.995,                0.73382,                0.73386,                0.65334,                0.28308,                0.03644,                 5.6478,                 5.3877,                0.19004,                0.54707,               0.002608,               0.002608,               0.002608
                    115,                0.01327,                 5.6513,                 3.8677,                 0.0658,                 0.8477,                0.99992,                      1,                  0.995,                  0.995,                0.73382,                0.73386,                0.65412,                0.28364,                0.03624,                 5.6453,                 5.3918,                 0.1902,                0.54617,               0.002542,               0.002542,               0.002542
                    116,                0.01314,                 5.6338,                 3.7271,                0.06515,                0.84617,                0.99992,                      1,                  0.995,                  0.995,                0.73224,                0.73228,                0.65123,                0.28277,                0.03608,                 5.6433,                 5.3989,                0.18983,                0.54516,               0.002476,               0.002476,               0.002476
                    117,                0.01321,                 5.6336,                 3.6328,                0.06517,                0.84805,                0.99992,                      1,                  0.995,                  0.995,                0.73224,                0.73228,                0.65199,                0.28415,                0.03593,                 5.6402,                 5.4125,                0.18893,                0.54447,                0.00241,                0.00241,                0.00241
                    118,                0.01346,                 5.6492,                 3.6828,                0.06595,                0.85026,                0.99992,                      1,                  0.995,                  0.995,                0.73224,                0.73228,                0.65224,                0.28497,                 0.0358,                 5.6368,                 5.4222,                 0.1886,                 0.5437,               0.002344,               0.002344,               0.002344
                    119,                0.01335,                 5.5206,                 3.6186,                0.06615,                0.85075,                0.99992,                      1,                  0.995,                  0.995,                0.73382,                0.73386,                 0.6544,                0.28747,                0.03567,                 5.6355,                 5.4304,                0.18772,                0.54294,               0.002278,               0.002278,               0.002278
                    120,                0.01324,                 5.4348,                 3.5013,                 0.0654,                  0.847,                0.99992,                      1,                  0.995,                  0.995,                0.73539,                0.73543,                0.65372,                0.28682,                0.03549,                 5.6311,                 5.4403,                0.18785,                0.54201,               0.002212,               0.002212,               0.002212
                    121,                0.01321,                 5.5014,                 3.4831,                0.06368,                0.84326,                0.99992,                      1,                  0.995,                  0.995,                0.73224,                0.73228,                0.65428,                0.28842,                0.03534,                 5.6293,                 5.4548,                0.18655,                0.54125,               0.002146,               0.002146,               0.002146
                    122,                0.01292,                 5.3881,                 3.4639,                0.06396,                0.85229,                0.99992,                      1,                  0.995,                  0.995,                0.73067,                0.73071,                0.65379,                0.28974,                0.03516,                 5.6251,                 5.4634,                0.18573,                0.54046,                0.00208,                0.00208,                0.00208
                    123,                0.01254,                 5.4308,                 3.4109,                0.06173,                0.84384,                0.99992,                      1,                  0.995,                  0.995,                 0.7291,                0.72913,                0.65186,                0.28983,                0.03505,                 5.6224,                 5.4755,                0.18534,                0.53985,               0.002014,               0.002014,               0.002014
                    124,                0.01273,                 5.3266,                 3.3911,                0.06315,                0.84913,                0.99992,                      1,                  0.995,                  0.995,                0.73067,                0.73071,                0.65387,                0.29076,                0.03494,                 5.6196,                 5.4868,                0.18503,                0.53918,               0.001948,               0.001948,               0.001948
                    125,                0.01274,                  5.337,                 3.4443,                0.06297,                0.84618,                0.99992,                      1,                  0.995,                  0.995,                0.73067,                0.73071,                0.65482,                0.29114,                0.03477,                 5.6161,                 5.5029,                0.18471,                0.53831,               0.001882,               0.001882,               0.001882
                    126,                0.01244,                 5.3585,                 3.3216,                0.06187,                0.84904,                0.99992,                      1,                  0.995,                  0.995,                0.73225,                0.73228,                0.65593,                0.29232,                 0.0346,                  5.614,                 5.5161,                0.18461,                 0.5374,               0.001816,               0.001816,               0.001816
                    127,                0.01243,                 5.2864,                   3.33,                0.06113,                0.84672,                0.99992,                      1,                  0.995,                  0.995,                0.73382,                0.73386,                0.65733,                0.29255,                0.03444,                 5.6105,                 5.5386,                0.18366,                 0.5366,                0.00175,                0.00175,                0.00175
                    128,                0.01259,                 5.2882,                 3.2241,                0.06346,                 0.8475,                0.99992,                      1,                  0.995,                  0.995,                0.73382,                0.73386,                0.65931,                0.29465,                 0.0343,                 5.6095,                 5.5523,                0.18316,                0.53597,               0.001684,               0.001684,               0.001684
                    129,                0.01219,                 5.2432,                 3.2171,                0.06039,                0.84731,                0.99992,                      1,                  0.995,                  0.995,                 0.7354,                0.73543,                 0.6646,                0.29619,                0.03422,                 5.6079,                 5.5736,                0.18189,                0.53545,               0.001618,               0.001618,               0.001618
                    130,                0.01214,                  5.144,                 3.1242,                0.05924,                0.84379,                0.99992,                      1,                  0.995,                  0.995,                 0.7354,                0.73543,                0.66339,                0.29685,                0.03407,                 5.6045,                 5.5854,                0.18148,                0.53473,               0.001552,               0.001552,               0.001552
                    131,                0.01182,                 5.2078,                 3.2217,                 0.0585,                0.84722,                0.99992,                      1,                  0.995,                  0.995,                0.73697,                0.73701,                  0.667,                0.29835,                0.03392,                 5.6032,                 5.6006,                0.18102,                0.53387,               0.001486,               0.001486,               0.001486
                    132,                0.01186,                 5.1987,                 3.1526,                 0.0585,                 0.8506,                0.99992,                      1,                  0.995,                  0.995,                0.73855,                0.73858,                0.66447,                 0.2981,                0.03381,                 5.6001,                 5.6147,                0.17996,                0.53329,                0.00142,                0.00142,                0.00142
                    133,                0.01195,                 5.0943,                 3.0447,                0.05905,                0.84659,                0.99992,                      1,                  0.995,                  0.995,                0.73697,                0.73701,                 0.6644,                0.30125,                0.03369,                 5.5982,                 5.6355,                0.17898,                0.53281,               0.001354,               0.001354,               0.001354
                    134,                0.01214,                 5.1281,                 3.0497,                0.05934,                0.84597,                0.99992,                      1,                  0.995,                  0.995,                0.73855,                0.73858,                0.66383,                0.30066,                0.03353,                 5.5949,                 5.6469,                0.17821,                0.53196,               0.001288,               0.001288,               0.001288
                    135,                0.01157,                 5.0122,                 3.0765,                0.05741,                 0.8492,                0.99992,                      1,                  0.995,                  0.995,                 0.7417,                0.74173,                0.67128,                 0.3013,                0.03336,                 5.5927,                 5.6596,                 0.1775,                0.53106,               0.001222,               0.001222,               0.001222
                    136,                0.01151,                 5.0392,                 3.0148,                0.05664,                0.84974,                0.99992,                      1,                  0.995,                  0.995,                0.74012,                0.74016,                0.67072,                0.30115,                 0.0332,                 5.5908,                 5.6768,                 0.1767,                0.53026,               0.001156,               0.001156,               0.001156
                    137,                0.01161,                 5.0193,                 2.9416,                0.05653,                0.84653,                0.99992,                      1,                  0.995,                  0.995,                0.74012,                0.74016,                0.67051,                0.30146,                0.03301,                 5.5896,                 5.6904,                0.17618,                 0.5294,                0.00109,                0.00109,                0.00109
                    138,                0.01145,                 4.9612,                 2.9293,                0.05687,                0.84817,                0.99992,                      1,                  0.995,                  0.995,                0.74012,                0.74016,                0.67401,                0.30298,                 0.0329,                 5.5865,                 5.7023,                 0.1753,                0.52875,               0.001024,               0.001024,               0.001024
                    139,                0.01148,                 4.9378,                 2.8832,                0.05689,                0.84689,                0.99992,                      1,                  0.995,                  0.995,                0.74012,                0.74016,                0.67559,                 0.3031,                0.03274,                 5.5837,                 5.7202,                0.17496,                  0.528,               0.000958,               0.000958,               0.000958
                    140,                0.01146,                  4.828,                 2.8559,                0.05674,                0.84377,                0.99992,                      1,                  0.995,                  0.995,                0.74012,                0.74016,                0.67648,                0.30296,                0.03262,                 5.5815,                 5.7332,                0.17419,                0.52726,               0.000892,               0.000892,               0.000892
                    141,                0.01136,                 4.8871,                 2.8735,                 0.0568,                0.84633,                0.99992,                      1,                  0.995,                  0.995,                0.74327,                0.74331,                0.67737,                0.30226,                 0.0325,                 5.5787,                 5.7455,                0.17371,                0.52656,               0.000826,               0.000826,               0.000826
                    142,                0.01146,                 4.8243,                 2.8166,                0.05774,                0.84722,                0.99992,                      1,                  0.995,                  0.995,                0.74012,                0.74016,                0.67337,                 0.3027,                0.03239,                 5.5759,                 5.7574,                  0.173,                0.52582,                0.00076,                0.00076,                0.00076
                    143,                0.01127,                 4.7677,                 2.7468,                0.05555,                0.84262,                0.99992,                      1,                  0.995,                  0.995,                 0.7417,                0.74173,                0.67462,                0.30369,                0.03224,                 5.5726,                 5.7681,                0.17268,                0.52498,               0.000694,               0.000694,               0.000694
                    144,                0.01128,                 4.7761,                 2.6973,                0.05537,                0.84557,                0.99992,                      1,                  0.995,                  0.995,                0.73855,                0.73858,                0.67203,                 0.3039,                 0.0321,                 5.5703,                 5.7812,                 0.1727,                0.52408,               0.000628,               0.000628,               0.000628
                    145,                0.01091,                 4.7607,                 2.7608,                 0.0543,                0.84617,                0.99992,                      1,                  0.995,                  0.995,                0.73855,                0.73858,                0.67256,                0.30524,                0.03194,                 5.5679,                 5.7989,                0.17213,                0.52323,               0.000562,               0.000562,               0.000562
                    146,                0.01087,                 4.6565,                   2.71,                0.05337,                0.84363,                0.99992,                      1,                  0.995,                  0.995,                0.73697,                0.73701,                0.67069,                0.30618,                0.03184,                 5.5658,                 5.8127,                0.17172,                0.52267,               0.000496,               0.000496,               0.000496
                    147,                0.01069,                 4.6821,                 2.7083,                0.05291,                0.84906,                0.99992,                      1,                  0.995,                  0.995,                0.73697,                0.73701,                0.66897,                0.30407,                0.03173,                 5.5632,                 5.8272,                0.17089,                0.52211,                0.00043,                0.00043,                0.00043
                    148,                0.01066,                 4.6679,                  2.679,                0.05248,                0.84591,                0.99992,                      1,                  0.995,                  0.995,                 0.7354,                0.73543,                0.66808,                0.30594,                0.03165,                 5.5622,                  5.842,                0.17064,                0.52163,               0.000364,               0.000364,               0.000364
                    149,                0.01069,                  4.599,                 2.6512,                0.05291,                 0.8464,                0.99992,                      1,                  0.995,                  0.995,                0.73855,                0.73858,                0.66956,                0.30474,                0.03155,                 5.5604,                 5.8572,                0.17015,                0.52096,               0.000298,               0.000298,               0.000298
                    150,                0.01061,                 4.6214,                 2.6262,                0.05184,                0.84815,                0.99992,                      1,                  0.995,                  0.995,                0.73855,                0.73858,                0.66818,                0.30371,                0.03141,                 5.5571,                 5.8735,                0.16986,                0.52013,               0.000232,               0.000232,               0.000232
